,naturalness,coherence,helpfulness,binary_pass
naturalness,1.0,0.8510660242317126,0.8753010037041858,0.8595947967909134
coherence,0.8510660242317126,1.0,0.8585423730021066,0.8568265971897504
helpfulness,0.8753010037041858,0.8585423730021066,1.0,0.9629649260553008
binary_pass,0.8595947967909134,0.8568265971897504,0.9629649260553008,1.0
