,naturalness,coherence,helpfulness
count,200.0,200.0,200.0
mean,2.95,3.665,2.625
std,1.2349597678227027,1.4709156892303925,1.7026066329994338
min,1.0,1.0,1.0
25%,2.0,2.0,1.0
50%,3.0,5.0,2.0
75%,4.0,5.0,4.0
max,5.0,5.0,5.0
