,naturalness,coherence,helpfulness,binary_pass
naturalness,1.0,0.5189778096871339,0.5595323138723559,0.35749617544837814
coherence,0.5189778096871339,1.0,0.7559406899856388,0.3280850776028939
helpfulness,0.5595323138723559,0.7559406899856388,1.0,0.7968343749805359
binary_pass,0.35749617544837814,0.3280850776028939,0.7968343749805359,1.0
