,naturalness,coherence,helpfulness
count,200.0,200.0,200.0
mean,2.98,3.77,1.955
std,0.46979092965694824,0.9909642023056414,0.7038836987077713
min,1.0,1.0,1.0
25%,3.0,4.0,2.0
50%,3.0,4.0,2.0
75%,3.0,4.0,2.0
max,4.0,5.0,5.0
